index,Mensajes
2021-08-20,143
2021-08-21,361
2021-08-22,149
2021-08-23,621
2021-08-24,405
2021-08-25,130
2021-08-26,202
2021-08-27,101
2021-08-28,188
2021-08-29,116
2021-08-30,33
2021-08-31,60
2021-09-01,146
2021-09-02,217
2021-09-03,31
2021-09-04,0
2021-09-05,54
2021-09-06,408
2021-09-07,320
2021-09-08,24
2021-09-09,158
2021-09-10,645
2021-09-11,247
2021-09-12,107
2021-09-13,457
2021-09-14,897
2021-09-15,92
2021-09-16,632
2021-09-17,1038
2021-09-18,73
2021-09-19,71
2021-09-20,31
2021-09-21,47
2021-09-22,318
2021-09-23,246
2021-09-24,404
2021-09-25,525
2021-09-26,31
2021-09-27,81
2021-09-28,0
2021-09-29,0
2021-09-30,0
2021-10-01,0
2021-10-02,0
2021-10-03,0
2021-10-04,0
2021-10-05,0
2021-10-06,0
2021-10-07,0
2021-10-08,0
2021-10-09,0
2021-10-10,0
2021-10-11,0
2021-10-12,0
2021-10-13,0
2021-10-14,0
2021-10-15,0
2021-10-16,0
2021-10-17,0
2021-10-18,0
2021-10-19,0
2021-10-20,0
2021-10-21,0
2021-10-22,0
2021-10-23,0
2021-10-24,0
2021-10-25,0
2021-10-26,0
2021-10-27,321
2021-10-28,400
2021-10-29,1108
2021-10-30,26
2021-10-31,31
2021-11-01,0
2021-11-02,24
2021-11-03,180
2021-11-04,982
2021-11-05,188
2021-11-06,153
2021-11-07,89
2021-11-08,86
2021-11-09,108
2021-11-10,11
2021-11-11,139
2021-11-12,120
2021-11-13,99
2021-11-14,1
2021-11-15,56
2021-11-16,10
2021-11-17,87
2021-11-18,250
2021-11-19,1066
2021-11-20,294
2021-11-21,72
2021-11-22,75
2021-11-23,36
2021-11-24,117
2021-11-25,81
2021-11-26,116
2021-11-27,115
2021-11-28,157
2021-11-29,146
2021-11-30,576
2021-12-01,59
2021-12-02,384
2021-12-03,132
2021-12-04,54
2021-12-05,210
2021-12-06,600
2021-12-07,350
2021-12-08,189
2021-12-09,112
2021-12-10,118
2021-12-11,48
2021-12-12,34
2021-12-13,29
2021-12-14,22
2021-12-15,181
2021-12-16,304
2021-12-17,579
2021-12-18,108
2021-12-19,20
2021-12-20,177
2021-12-21,46
2021-12-22,321
2021-12-23,30
2021-12-24,205
2021-12-25,285
2021-12-26,59
2021-12-27,64
2021-12-28,245
2021-12-29,21
2021-12-30,92
2021-12-31,251
2022-01-01,183
2022-01-02,270
2022-01-03,346
2022-01-04,215
2022-01-05,308
2022-01-06,261
2022-01-07,0
2022-01-08,54
2022-01-09,761
2022-01-10,287
2022-01-11,35
2022-01-12,2
2022-01-13,93
2022-01-14,119
2022-01-15,302
2022-01-16,169
2022-01-17,377
2022-01-18,117
2022-01-19,83
2022-01-20,267
2022-01-21,131
2022-01-22,178
2022-01-23,183
2022-01-24,116
2022-01-25,138
2022-01-26,65
2022-01-27,77
2022-01-28,45
2022-01-29,1
2022-01-30,346
2022-01-31,16
2022-02-01,23
2022-02-02,6
2022-02-03,0
2022-02-04,406
2022-02-05,19
2022-02-06,4
2022-02-07,7
2022-02-08,0
2022-02-09,24
2022-02-10,10
2022-02-11,152
2022-02-12,237
2022-02-13,42
2022-02-14,13
2022-02-15,12
2022-02-16,19
2022-02-17,61
2022-02-18,42
2022-02-19,52
2022-02-20,13
2022-02-21,8
2022-02-22,34
2022-02-23,9
2022-02-24,3
2022-02-25,25
2022-02-26,0
2022-02-27,11
2022-02-28,2
2022-03-01,58
2022-03-02,81
2022-03-03,0
2022-03-04,30
2022-03-05,0
2022-03-06,3
2022-03-07,81
2022-03-08,90
2022-03-09,42
2022-03-10,117
2022-03-11,3
2022-03-12,74
2022-03-13,0
2022-03-14,31
2022-03-15,31
2022-03-16,241
2022-03-17,315
2022-03-18,117
2022-03-19,42
2022-03-20,175
2022-03-21,83
2022-03-22,55
2022-03-23,61
2022-03-24,49
2022-03-25,424
2022-03-26,8
2022-03-27,62
2022-03-28,151
2022-03-29,9
2022-03-30,79
2022-03-31,82
2022-04-01,4
2022-04-02,12
2022-04-03,29
2022-04-04,22
2022-04-05,48
2022-04-06,21
2022-04-07,154
2022-04-08,89
2022-04-09,61
2022-04-10,16
2022-04-11,3
2022-04-12,17
2022-04-13,10
2022-04-14,19
2022-04-15,5
2022-04-16,34
2022-04-17,3
2022-04-18,3
2022-04-19,145
2022-04-20,128
2022-04-21,69
2022-04-22,73
2022-04-23,24
2022-04-24,88
2022-04-25,263
2022-04-26,38
2022-04-27,21
2022-04-28,406
2022-04-29,30
2022-04-30,78
2022-05-01,9
2022-05-02,149
2022-05-03,30
2022-05-04,67
2022-05-05,446
2022-05-06,272
2022-05-07,42
2022-05-08,224
2022-05-09,251
2022-05-10,177
2022-05-11,55
2022-05-12,21
2022-05-13,43
2022-05-14,255
2022-05-15,5
2022-05-16,22
2022-05-17,24
2022-05-18,5
2022-05-19,45
2022-05-20,13
2022-05-21,7
2022-05-22,4
2022-05-23,53
2022-05-24,10
2022-05-25,0
2022-05-26,3
2022-05-27,37
2022-05-28,10
2022-05-29,3
2022-05-30,164
2022-05-31,48
2022-06-01,15
2022-06-02,89
2022-06-03,18
2022-06-04,2
2022-06-05,3
2022-06-06,3
2022-06-07,4
2022-06-08,58
2022-06-09,5
2022-06-10,320
2022-06-11,22
2022-06-12,221
2022-06-13,86
2022-06-14,194
2022-06-15,284
2022-06-16,61
2022-06-17,59
2022-06-18,52
2022-06-19,9
2022-06-20,4
2022-06-21,2
2022-06-22,19
2022-06-23,0
2022-06-24,2
2022-06-25,22
2022-06-26,0
2022-06-27,2
2022-06-28,2
2022-06-29,0
2022-06-30,1
2022-07-01,4
2022-07-02,2
2022-07-03,3
2022-07-04,4
2022-07-05,13
2022-07-06,3
2022-07-07,1
2022-07-08,1
2022-07-09,1
2022-07-10,1
2022-07-11,1
2022-07-12,1
2022-07-13,1
2022-07-14,6
2022-07-15,1
2022-07-16,4
2022-07-17,1
2022-07-18,3
2022-07-19,15
2022-07-20,15
2022-07-21,2
2022-07-22,1
2022-07-23,3
2022-07-24,2
2022-07-25,1
2022-07-26,8
2022-07-27,1
2022-07-28,1
2022-07-29,76
2022-07-30,3
2022-07-31,3
2022-08-01,2
2022-08-02,1
2022-08-03,1
2022-08-04,1
2022-08-05,1
2022-08-06,7
2022-08-07,1
2022-08-08,1
2022-08-09,32
2022-08-10,1
2022-08-11,3
2022-08-12,2
2022-08-13,1
2022-08-14,1
2022-08-15,1
2022-08-16,1
2022-08-17,0
2022-08-18,1
2022-08-19,25
2022-08-20,3
2022-08-21,1
2022-08-22,0
2022-08-23,15
2022-08-24,45
2022-08-25,28
2022-08-26,1
2022-08-27,1
2022-08-28,0
2022-08-29,0
2022-08-30,1
2022-08-31,1
2022-09-01,1
2022-09-02,8
2022-09-03,1
2022-09-04,2
2022-09-05,1
2022-09-06,1
2022-09-07,1
2022-09-08,0
2022-09-09,0
2022-09-10,0
2022-09-11,0
2022-09-12,0
2022-09-13,0
2022-09-14,0
2022-09-15,1
2022-09-16,1
2022-09-17,100
2022-09-18,1
2022-09-19,1
2022-09-20,17
2022-09-21,78
2022-09-22,9
2022-09-23,0
2022-09-24,2
2022-09-25,2
2022-09-26,1
2022-09-27,13
2022-09-28,1
2022-09-29,4
2022-09-30,27
2022-10-01,38
2022-10-02,3
2022-10-03,0
2022-10-04,5
2022-10-05,83
2022-10-06,208
2022-10-07,4
2022-10-08,4
2022-10-09,76
2022-10-10,3
2022-10-11,6
2022-10-12,56
2022-10-13,6
2022-10-14,0
2022-10-15,3
2022-10-16,38
2022-10-17,4
2022-10-18,104
2022-10-19,133
2022-10-20,20
2022-10-21,12
2022-10-22,42
2022-10-23,5
2022-10-24,21
2022-10-25,13
2022-10-26,17
2022-10-27,4
2022-10-28,14
2022-10-29,4
2022-10-30,10
2022-10-31,4
2022-11-01,57
2022-11-02,5
2022-11-03,14
2022-11-04,7
2022-11-05,5
2022-11-06,9
2022-11-07,9
2022-11-08,15
2022-11-09,20
2022-11-10,37
2022-11-11,17
2022-11-12,0
2022-11-13,9
2022-11-14,10
2022-11-15,7
2022-11-16,27
2022-11-17,10
2022-11-18,8
2022-11-19,11
2022-11-20,13
2022-11-21,10
2022-11-22,17
2022-11-23,6
2022-11-24,8
2022-11-25,6
2022-11-26,6
2022-11-27,5
2022-11-28,8
2022-11-29,4
2022-11-30,13
2022-12-01,51
2022-12-02,40
2022-12-03,8
2022-12-04,52
2022-12-05,12
2022-12-06,6
2022-12-07,37
2022-12-08,48
2022-12-09,26
2022-12-10,98
2022-12-11,42
2022-12-12,60
2022-12-13,12
2022-12-14,32
2022-12-15,32
2022-12-16,21
2022-12-17,48
2022-12-18,292
2022-12-19,23
2022-12-20,235
2022-12-21,39
2022-12-22,93
2022-12-23,272
2022-12-24,115
2022-12-25,63
2022-12-26,20
2022-12-27,22
2022-12-28,145
2022-12-29,151
2022-12-30,314
2022-12-31,91
2023-01-01,560
2023-01-02,633
2023-01-03,145
2023-01-04,104
2023-01-05,83
2023-01-06,132
2023-01-07,378
2023-01-08,114
2023-01-09,71
2023-01-10,168
2023-01-11,92
2023-01-12,596
2023-01-13,102
2023-01-14,122
